<NotepadPlus>
    <UserLang name="lthclang_v7.9.0" ext="lthclang" udlVersion="2.1">
        <Settings>
            <Global caseIgnored="yes" allowFoldOfComments="no" foldCompact="no" forcePureLC="0" decimalSeparator="0" />
            <Prefix Keywords1="no" Keywords2="no" Keywords3="no" Keywords4="no" Keywords5="no" Keywords6="no" Keywords7="no" Keywords8="no" />
        </Settings>
        <KeywordLists>
            <Keywords name="Comments"></Keywords>
            <Keywords name="Numbers, prefix1"></Keywords>
            <Keywords name="Numbers, prefix2"></Keywords>
            <Keywords name="Numbers, extras1"></Keywords>
            <Keywords name="Numbers, extras2"></Keywords>
            <Keywords name="Numbers, suffix1"></Keywords>
            <Keywords name="Numbers, suffix2"></Keywords>
            <Keywords name="Numbers, range"></Keywords>
            <Keywords name="Operators1"></Keywords>
            <Keywords name="Operators2"></Keywords>
            <Keywords name="Folders in code1, open"></Keywords>
            <Keywords name="Folders in code1, middle"></Keywords>
            <Keywords name="Folders in code1, close"></Keywords>
            <Keywords name="Folders in code2, open"></Keywords>
            <Keywords name="Folders in code2, middle"></Keywords>
            <Keywords name="Folders in code2, close"></Keywords>
            <Keywords name="Folders in comment, open"></Keywords>
            <Keywords name="Folders in comment, middle"></Keywords>
            <Keywords name="Folders in comment, close"></Keywords>
            <Keywords name="Keywords1">print&#x000D;&#x000A;printl&#x000D;&#x000A;printvar&#x000D;&#x000A;printstr&#x000D;&#x000A;printvarlist</Keywords>
            <Keywords name="Keywords2">var&#x000D;&#x000A;set&#x000D;&#x000A;add&#x000D;&#x000A;sub&#x000D;&#x000A;mult&#x000D;&#x000A;div&#x000D;&#x000A;mod&#x000D;&#x000A;ediv&#x000D;&#x000A;irand&#x000D;&#x000A;arand&#x000D;&#x000A;frand&#x000D;&#x000A;pvar&#x000D;&#x000A;pset</Keywords>
            <Keywords name="Keywords3">str&#x000D;&#x000A;strl&#x000D;&#x000A;setstr&#x000D;&#x000A;setstrl&#x000D;&#x000A;stradd&#x000D;&#x000A;strrand&#x000D;&#x000A;sstrrand</Keywords>
            <Keywords name="Keywords4">varlist&#x000D;&#x000A;varlistset&#x000D;&#x000A;varlistsetall&#x000D;&#x000A;varlistadd&#x000D;&#x000A;varlistsize&#x000D;&#x000A;varlistaddv&#x000D;&#x000A;varlistremoveat</Keywords>
            <Keywords name="Keywords5">finput&#x000D;&#x000A;mfinput&#x000D;&#x000A;sinput&#x000D;&#x000A;msinput&#x000D;&#x000A;jmp&#x000D;&#x000A;cjmp&#x000D;&#x000A;csjmp&#x000D;&#x000A;vartostr&#x000D;&#x000A;strtovar</Keywords>
            <Keywords name="Keywords6"></Keywords>
            <Keywords name="Keywords7"></Keywords>
            <Keywords name="Keywords8"></Keywords>
            <Keywords name="Delimiters"></Keywords>
        </KeywordLists>
        <Styles>
            <WordsStyle name="DEFAULT" fgColor="FFFFFF" bgColor="000000" fontName="no" fontStyle="0" nesting="0" />
            <WordsStyle name="COMMENTS" fgColor="000000" bgColor="FFFFFF" fontName="no" fontStyle="0" nesting="0" />
            <WordsStyle name="LINE COMMENTS" fgColor="000000" bgColor="FFFFFF" fontName="&#x8EE0;&#x960C;&#x0218;" fontStyle="0" nesting="0" />
            <WordsStyle name="NUMBERS" fgColor="FF0080" bgColor="000000" fontName="no" fontStyle="0" nesting="0" />
            <WordsStyle name="KEYWORDS1" fgColor="FF0000" bgColor="000000" fontName="" fontStyle="1" nesting="0" />
            <WordsStyle name="KEYWORDS2" fgColor="00FFFF" bgColor="000000" fontName="" fontStyle="1" nesting="0" />
            <WordsStyle name="KEYWORDS3" fgColor="FF00FF" bgColor="000000" fontName="0" fontStyle="0" nesting="0" />
            <WordsStyle name="KEYWORDS4" fgColor="FFFF00" bgColor="000000" fontName="600" fontStyle="0" nesting="0" />
            <WordsStyle name="KEYWORDS5" fgColor="D56D2F" bgColor="000000" fontName="40" fontStyle="0" nesting="0" />
            <WordsStyle name="KEYWORDS6" fgColor="000000" bgColor="FFFFFF" fontName="" fontStyle="0" nesting="0" />
            <WordsStyle name="KEYWORDS7" fgColor="000000" bgColor="FFFFFF" fontName="" fontStyle="0" nesting="0" />
            <WordsStyle name="KEYWORDS8" fgColor="000000" bgColor="FFFFFF" fontName="" fontStyle="0" nesting="0" />
            <WordsStyle name="OPERATORS" fgColor="000000" bgColor="FFFFFF" fontName="" fontStyle="0" nesting="0" />
            <WordsStyle name="FOLDER IN CODE1" fgColor="000000" bgColor="FFFFFF" fontName="" fontStyle="0" nesting="0" />
            <WordsStyle name="FOLDER IN CODE2" fgColor="000000" bgColor="FFFFFF" fontName="" fontStyle="0" nesting="0" />
            <WordsStyle name="FOLDER IN COMMENT" fgColor="000000" bgColor="FFFFFF" fontName="&#x0FF0;&#x9897;&#x0218;" fontStyle="0" nesting="0" />
            <WordsStyle name="DELIMITERS1" fgColor="000000" bgColor="FFFFFF" fontName="&#x0430;&#x960C;&#x0218;" fontStyle="0" nesting="0" />
            <WordsStyle name="DELIMITERS2" fgColor="000000" bgColor="FFFFFF" fontName="" fontStyle="0" nesting="0" />
            <WordsStyle name="DELIMITERS3" fgColor="000000" bgColor="FFFFFF" fontName="no" fontStyle="0" nesting="0" />
            <WordsStyle name="DELIMITERS4" fgColor="000000" bgColor="FFFFFF" fontName="&#x0D80;&#x9897;&#x0218;" fontStyle="0" nesting="0" />
            <WordsStyle name="DELIMITERS5" fgColor="000000" bgColor="FFFFFF" fontName="700" fontStyle="0" nesting="0" />
            <WordsStyle name="DELIMITERS6" fgColor="000000" bgColor="FFFFFF" fontName="no" fontStyle="0" nesting="0" />
            <WordsStyle name="DELIMITERS7" fgColor="000000" bgColor="FFFFFF" fontName="&#x0960;&#x9897;&#x0218;" fontStyle="0" nesting="0" />
            <WordsStyle name="DELIMITERS8" fgColor="000000" bgColor="FFFFFF" fontName="" fontStyle="0" nesting="0" />
        </Styles>
    </UserLang>
</NotepadPlus>
